Driver,Serial,Race_Result
Carlos Sainz,1.0,2.0
Colin McRae,1.0,
Elfyn Evans,1.0,
Mikko Hirvonen,1.0,
Ott Tänak,1.0,
Sébastien Loeb,1.0,
Sébastien Ogier,1.0,
Thierry Neuville,1.0,
Tommi Mäkinen,1.0,1.0
Carlos Sainz,2.0,
Colin McRae,2.0,3.0
Elfyn Evans,2.0,
Mikko Hirvonen,2.0,
Ott Tänak,2.0,
Sébastien Loeb,2.0,
Sébastien Ogier,2.0,
Thierry Neuville,2.0,
Tommi Mäkinen,2.0,2.0
Carlos Sainz,3.0,4.0
Colin McRae,3.0,
Elfyn Evans,3.0,
Mikko Hirvonen,3.0,
Ott Tänak,3.0,
Sébastien Loeb,3.0,
Sébastien Ogier,3.0,
Thierry Neuville,3.0,
Tommi Mäkinen,3.0,
Carlos Sainz,4.0,3.0
Colin McRae,4.0,
Elfyn Evans,4.0,
Mikko Hirvonen,4.0,
Ott Tänak,4.0,
Sébastien Loeb,4.0,
Sébastien Ogier,4.0,
Thierry Neuville,4.0,
Tommi Mäkinen,4.0,
Carlos Sainz,5.0,
Colin McRae,5.0,1.0
Elfyn Evans,5.0,
Mikko Hirvonen,5.0,
Ott Tänak,5.0,
Sébastien Loeb,5.0,
Sébastien Ogier,5.0,
Thierry Neuville,5.0,
Tommi Mäkinen,5.0,4.0
Carlos Sainz,6.0,
Colin McRae,6.0,
Elfyn Evans,6.0,
Mikko Hirvonen,6.0,
Ott Tänak,6.0,
Sébastien Loeb,6.0,
Sébastien Ogier,6.0,
Thierry Neuville,6.0,
Tommi Mäkinen,6.0,3.0
Carlos Sainz,7.0,2.0
Colin McRae,7.0,1.0
Elfyn Evans,7.0,
Mikko Hirvonen,7.0,
Ott Tänak,7.0,
Sébastien Loeb,7.0,
Sébastien Ogier,7.0,
Thierry Neuville,7.0,
Tommi Mäkinen,7.0,
Carlos Sainz,8.0,3.0
Colin McRae,8.0,2.0
Elfyn Evans,8.0,
Mikko Hirvonen,8.0,
Ott Tänak,8.0,
Sébastien Loeb,8.0,
Sébastien Ogier,8.0,
Thierry Neuville,8.0,
Tommi Mäkinen,8.0,
Carlos Sainz,9.0,1.0
Colin McRae,9.0,2.0
Elfyn Evans,9.0,
Mikko Hirvonen,9.0,
Ott Tänak,9.0,
Sébastien Loeb,9.0,
Sébastien Ogier,9.0,
Thierry Neuville,9.0,
Tommi Mäkinen,9.0,4.0
Carlos Sainz,10.0,1.0
Colin McRae,10.0,2.0
Elfyn Evans,10.0,
Mikko Hirvonen,10.0,
Ott Tänak,10.0,
Sébastien Loeb,10.0,
Sébastien Ogier,10.0,
Thierry Neuville,10.0,
Tommi Mäkinen,10.0,5.0
Carlos Sainz,11.0,3.0
Colin McRae,11.0,
Elfyn Evans,11.0,
Mikko Hirvonen,11.0,
Ott Tänak,11.0,
Sébastien Loeb,11.0,
Sébastien Ogier,11.0,
Thierry Neuville,11.0,
Tommi Mäkinen,11.0,
Carlos Sainz,12.0,5.0
Colin McRae,12.0,6.0
Elfyn Evans,12.0,
Mikko Hirvonen,12.0,
Ott Tänak,12.0,
Sébastien Loeb,12.0,1.0
Sébastien Ogier,12.0,
Thierry Neuville,12.0,
Tommi Mäkinen,12.0,3.0
Carlos Sainz,14.0,4.0
Colin McRae,14.0,
Elfyn Evans,14.0,
Mikko Hirvonen,14.0,
Ott Tänak,14.0,
Sébastien Loeb,14.0,3.0
Sébastien Ogier,14.0,
Thierry Neuville,14.0,
Tommi Mäkinen,14.0,3.0
Carlos Sainz,15.0,2.0
Colin McRae,15.0,
Elfyn Evans,15.0,
Mikko Hirvonen,15.0,
Ott Tänak,15.0,
Sébastien Loeb,15.0,1.0
Sébastien Ogier,15.0,
Thierry Neuville,15.0,
Tommi Mäkinen,15.0,1.0
Carlos Sainz,16.0,3.0
Colin McRae,16.0,9.0
Elfyn Evans,16.0,
Mikko Hirvonen,16.0,
Ott Tänak,16.0,
Sébastien Loeb,16.0,
Sébastien Ogier,16.0,
Thierry Neuville,16.0,
Tommi Mäkinen,16.0,
Carlos Sainz,17.0,2.0
Colin McRae,17.0,
Elfyn Evans,17.0,
Mikko Hirvonen,17.0,
Ott Tänak,17.0,
Sébastien Loeb,17.0,
Sébastien Ogier,17.0,
Thierry Neuville,17.0,
Tommi Mäkinen,17.0,1.0
Carlos Sainz,18.0,5.0
Colin McRae,18.0,
Elfyn Evans,18.0,
Mikko Hirvonen,18.0,
Ott Tänak,18.0,
Sébastien Loeb,18.0,
Sébastien Ogier,18.0,
Thierry Neuville,18.0,
Tommi Mäkinen,18.0,3.0
Carlos Sainz,19.0,3.0
Colin McRae,19.0,1.0
Elfyn Evans,19.0,
Mikko Hirvonen,19.0,
Ott Tänak,19.0,
Sébastien Loeb,19.0,
Sébastien Ogier,19.0,
Thierry Neuville,19.0,
Tommi Mäkinen,19.0,4.0
Carlos Sainz,20.0,3.0
Colin McRae,20.0,1.0
Elfyn Evans,20.0,
Mikko Hirvonen,20.0,
Ott Tänak,20.0,
Sébastien Loeb,20.0,
Sébastien Ogier,20.0,
Thierry Neuville,20.0,
Tommi Mäkinen,20.0,
Carlos Sainz,21.0,
Colin McRae,21.0,1.0
Elfyn Evans,21.0,
Mikko Hirvonen,21.0,
Ott Tänak,21.0,
Sébastien Loeb,21.0,
Sébastien Ogier,21.0,
Thierry Neuville,21.0,
Tommi Mäkinen,21.0,4.0
Carlos Sainz,22.0,
Colin McRae,22.0,
Elfyn Evans,22.0,
Mikko Hirvonen,22.0,
Ott Tänak,22.0,
Sébastien Loeb,22.0,
Sébastien Ogier,22.0,
Thierry Neuville,22.0,
Tommi Mäkinen,22.0,1.0
Carlos Sainz,23.0,6.0
Colin McRae,23.0,3.0
Elfyn Evans,23.0,
Mikko Hirvonen,23.0,
Ott Tänak,23.0,
Sébastien Loeb,23.0,
Sébastien Ogier,23.0,
Thierry Neuville,23.0,
Tommi Mäkinen,23.0,
Carlos Sainz,24.0,4.0
Colin McRae,24.0,2.0
Elfyn Evans,24.0,
Mikko Hirvonen,24.0,
Ott Tänak,24.0,
Sébastien Loeb,24.0,
Sébastien Ogier,24.0,
Thierry Neuville,24.0,
Tommi Mäkinen,24.0,8.0
Carlos Sainz,25.0,4.0
Colin McRae,25.0,8.0
Elfyn Evans,25.0,
Mikko Hirvonen,25.0,
Ott Tänak,25.0,
Sébastien Loeb,25.0,2.0
Sébastien Ogier,25.0,
Thierry Neuville,25.0,
Tommi Mäkinen,25.0,
Carlos Sainz,26.0,
Colin McRae,26.0,1.0
Elfyn Evans,26.0,
Mikko Hirvonen,26.0,
Ott Tänak,26.0,
Sébastien Loeb,26.0,
Sébastien Ogier,26.0,
Thierry Neuville,26.0,
Tommi Mäkinen,26.0,
Carlos Sainz,27.0,8.0
Colin McRae,27.0,5.0
Elfyn Evans,27.0,
Mikko Hirvonen,27.0,
Ott Tänak,27.0,
Sébastien Loeb,27.0,
Sébastien Ogier,27.0,
Thierry Neuville,27.0,
Tommi Mäkinen,27.0,6.0
Carlos Sainz,29.0,3.0
Colin McRae,29.0,4.0
Elfyn Evans,29.0,
Mikko Hirvonen,29.0,
Ott Tänak,29.0,
Sébastien Loeb,29.0,2.0
Sébastien Ogier,29.0,
Thierry Neuville,29.0,
Tommi Mäkinen,29.0,1.0
Carlos Sainz,30.0,3.0
Colin McRae,30.0,6.0
Elfyn Evans,30.0,
Mikko Hirvonen,30.0,
Ott Tänak,30.0,
Sébastien Loeb,30.0,1.0
Sébastien Ogier,30.0,
Thierry Neuville,30.0,
Tommi Mäkinen,30.0,
Carlos Sainz,31.0,6.0
Colin McRae,31.0,
Elfyn Evans,31.0,
Mikko Hirvonen,31.0,
Ott Tänak,31.0,
Sébastien Loeb,31.0,
Sébastien Ogier,31.0,
Thierry Neuville,31.0,
Tommi Mäkinen,31.0,
Carlos Sainz,32.0,
Colin McRae,32.0,6.0
Elfyn Evans,32.0,
Mikko Hirvonen,32.0,
Ott Tänak,32.0,
Sébastien Loeb,32.0,
Sébastien Ogier,32.0,
Thierry Neuville,32.0,
Tommi Mäkinen,32.0,
Carlos Sainz,33.0,1.0
Colin McRae,33.0,6.0
Elfyn Evans,33.0,
Mikko Hirvonen,33.0,
Ott Tänak,33.0,
Sébastien Loeb,33.0,
Sébastien Ogier,33.0,
Thierry Neuville,33.0,
Tommi Mäkinen,33.0,3.0
Carlos Sainz,34.0,1.0
Colin McRae,34.0,3.0
Elfyn Evans,34.0,
Mikko Hirvonen,34.0,
Ott Tänak,34.0,
Sébastien Loeb,34.0,
Sébastien Ogier,34.0,
Thierry Neuville,34.0,
Tommi Mäkinen,34.0,
Carlos Sainz,35.0,3.0
Colin McRae,35.0,1.0
Elfyn Evans,35.0,
Mikko Hirvonen,35.0,
Ott Tänak,35.0,
Sébastien Loeb,35.0,7.0
Sébastien Ogier,35.0,
Thierry Neuville,35.0,
Tommi Mäkinen,35.0,
Carlos Sainz,36.0,
Colin McRae,36.0,1.0
Elfyn Evans,36.0,
Mikko Hirvonen,36.0,
Ott Tänak,36.0,
Sébastien Loeb,36.0,5.0
Sébastien Ogier,36.0,
Thierry Neuville,36.0,
Tommi Mäkinen,36.0,
Carlos Sainz,37.0,4.0
Colin McRae,37.0,
Elfyn Evans,37.0,
Mikko Hirvonen,37.0,2.0
Ott Tänak,37.0,
Sébastien Loeb,37.0,1.0
Sébastien Ogier,37.0,
Thierry Neuville,37.0,
Tommi Mäkinen,37.0,6.0
Carlos Sainz,38.0,8.0
Colin McRae,38.0,4.0
Elfyn Evans,38.0,
Mikko Hirvonen,38.0,
Ott Tänak,38.0,
Sébastien Loeb,38.0,1.0
Sébastien Ogier,38.0,
Thierry Neuville,38.0,
Tommi Mäkinen,38.0,7.0
Carlos Sainz,39.0,
Colin McRae,39.0,8.0
Elfyn Evans,39.0,
Mikko Hirvonen,39.0,
Ott Tänak,39.0,
Sébastien Loeb,39.0,
Sébastien Ogier,39.0,
Thierry Neuville,39.0,
Tommi Mäkinen,39.0,
Carlos Sainz,40.0,4.0
Colin McRae,40.0,
Elfyn Evans,40.0,
Mikko Hirvonen,40.0,
Ott Tänak,40.0,
Sébastien Loeb,40.0,
Sébastien Ogier,40.0,
Thierry Neuville,40.0,
Tommi Mäkinen,40.0,3.0
Carlos Sainz,41.0,4.0
Colin McRae,41.0,
Elfyn Evans,41.0,
Mikko Hirvonen,41.0,
Ott Tänak,41.0,
Sébastien Loeb,41.0,7.0
Sébastien Ogier,41.0,
Thierry Neuville,41.0,
Tommi Mäkinen,41.0,
Carlos Sainz,42.0,3.0
Colin McRae,42.0,5.0
Elfyn Evans,42.0,
Mikko Hirvonen,42.0,
Ott Tänak,42.0,
Sébastien Loeb,42.0,
Sébastien Ogier,42.0,
Thierry Neuville,42.0,
Tommi Mäkinen,42.0,4.0
Carlos Sainz,43.0,3.0
Colin McRae,43.0,2.0
Elfyn Evans,43.0,
Mikko Hirvonen,43.0,
Ott Tänak,43.0,
Sébastien Loeb,43.0,1.0
Sébastien Ogier,43.0,
Thierry Neuville,43.0,
Tommi Mäkinen,43.0,
Carlos Sainz,44.0,9.0
Colin McRae,44.0,5.0
Elfyn Evans,44.0,
Mikko Hirvonen,44.0,1.0
Ott Tänak,44.0,
Sébastien Loeb,44.0,7.0
Sébastien Ogier,44.0,
Thierry Neuville,44.0,
Tommi Mäkinen,44.0,2.0
Carlos Sainz,45.0,1.0
Colin McRae,45.0,4.0
Elfyn Evans,45.0,
Mikko Hirvonen,45.0,
Ott Tänak,45.0,
Sébastien Loeb,45.0,
Sébastien Ogier,45.0,
Thierry Neuville,45.0,
Tommi Mäkinen,45.0,8.0
Carlos Sainz,46.0,1.0
Colin McRae,46.0,
Elfyn Evans,46.0,
Mikko Hirvonen,46.0,1.0
Ott Tänak,46.0,
Sébastien Loeb,46.0,4.0
Sébastien Ogier,46.0,
Thierry Neuville,46.0,
Tommi Mäkinen,46.0,7.0
Carlos Sainz,47.0,2.0
Colin McRae,47.0,
Elfyn Evans,47.0,
Mikko Hirvonen,47.0,1.0
Ott Tänak,47.0,
Sébastien Loeb,47.0,
Sébastien Ogier,47.0,
Thierry Neuville,47.0,
Tommi Mäkinen,47.0,
Carlos Sainz,48.0,2.0
Colin McRae,48.0,8.0
Elfyn Evans,48.0,
Mikko Hirvonen,48.0,
Ott Tänak,48.0,
Sébastien Loeb,48.0,
Sébastien Ogier,48.0,
Thierry Neuville,48.0,
Tommi Mäkinen,48.0,5.0
Carlos Sainz,49.0,5.0
Colin McRae,49.0,4.0
Elfyn Evans,49.0,
Mikko Hirvonen,49.0,6.0
Ott Tänak,49.0,
Sébastien Loeb,49.0,3.0
Sébastien Ogier,49.0,
Thierry Neuville,49.0,
Tommi Mäkinen,49.0,
Carlos Sainz,50.0,6.0
Colin McRae,50.0,4.0
Elfyn Evans,50.0,
Mikko Hirvonen,50.0,1.0
Ott Tänak,50.0,
Sébastien Loeb,50.0,1.0
Sébastien Ogier,50.0,
Thierry Neuville,50.0,
Tommi Mäkinen,50.0,
Carlos Sainz,51.0,4.0
Colin McRae,51.0,
Elfyn Evans,51.0,
Mikko Hirvonen,51.0,
Ott Tänak,51.0,
Sébastien Loeb,51.0,5.0
Sébastien Ogier,51.0,
Thierry Neuville,51.0,
Tommi Mäkinen,51.0,6.0
Carlos Sainz,52.0,5.0
Colin McRae,52.0,4.0
Elfyn Evans,52.0,
Mikko Hirvonen,52.0,9.0
Ott Tänak,52.0,
Sébastien Loeb,52.0,2.0
Sébastien Ogier,52.0,
Thierry Neuville,52.0,
Tommi Mäkinen,52.0,6.0
Carlos Sainz,53.0,4.0
Colin McRae,53.0,6.0
Elfyn Evans,53.0,
Mikko Hirvonen,53.0,
Ott Tänak,53.0,
Sébastien Loeb,53.0,1.0
Sébastien Ogier,53.0,
Thierry Neuville,53.0,
Tommi Mäkinen,53.0,1.0
Carlos Sainz,54.0,2.0
Colin McRae,54.0,5.0
Elfyn Evans,54.0,
Mikko Hirvonen,54.0,1.0
Ott Tänak,54.0,
Sébastien Loeb,54.0,1.0
Sébastien Ogier,54.0,
Thierry Neuville,54.0,
Tommi Mäkinen,54.0,7.0
Carlos Sainz,55.0,7.0
Colin McRae,55.0,9.0
Elfyn Evans,55.0,
Mikko Hirvonen,55.0,1.0
Ott Tänak,55.0,
Sébastien Loeb,55.0,2.0
Sébastien Ogier,55.0,
Thierry Neuville,55.0,
Tommi Mäkinen,55.0,8.0
Carlos Sainz,56.0,
Colin McRae,56.0,4.0
Elfyn Evans,56.0,
Mikko Hirvonen,56.0,
Ott Tänak,56.0,
Sébastien Loeb,56.0,2.0
Sébastien Ogier,56.0,
Thierry Neuville,56.0,
Tommi Mäkinen,56.0,3.0
Carlos Sainz,57.0,
Colin McRae,57.0,
Elfyn Evans,57.0,
Mikko Hirvonen,57.0,
Ott Tänak,57.0,
Sébastien Loeb,57.0,1.0
Sébastien Ogier,57.0,
Thierry Neuville,57.0,
Tommi Mäkinen,57.0,
Carlos Sainz,58.0,5.0
Colin McRae,58.0,
Elfyn Evans,58.0,
Mikko Hirvonen,58.0,9.0
Ott Tänak,58.0,
Sébastien Loeb,58.0,1.0
Sébastien Ogier,58.0,
Thierry Neuville,58.0,
Tommi Mäkinen,58.0,
Carlos Sainz,59.0,3.0
Colin McRae,59.0,
Elfyn Evans,59.0,
Mikko Hirvonen,59.0,5.0
Ott Tänak,59.0,
Sébastien Loeb,59.0,
Sébastien Ogier,59.0,
Thierry Neuville,59.0,
Tommi Mäkinen,59.0,
Carlos Sainz,60.0,6.0
Colin McRae,60.0,
Elfyn Evans,60.0,
Mikko Hirvonen,60.0,7.0
Ott Tänak,60.0,
Sébastien Loeb,60.0,4.0
Sébastien Ogier,60.0,
Thierry Neuville,60.0,
Tommi Mäkinen,60.0,
Carlos Sainz,61.0,3.0
Colin McRae,61.0,
Elfyn Evans,61.0,
Mikko Hirvonen,61.0,5.0
Ott Tänak,61.0,
Sébastien Loeb,61.0,1.0
Sébastien Ogier,61.0,
Thierry Neuville,61.0,
Tommi Mäkinen,61.0,
Carlos Sainz,62.0,1.0
Colin McRae,62.0,
Elfyn Evans,62.0,
Mikko Hirvonen,62.0,
Ott Tänak,62.0,
Sébastien Loeb,62.0,2.0
Sébastien Ogier,62.0,
Thierry Neuville,62.0,
Tommi Mäkinen,62.0,
Carlos Sainz,63.0,4.0
Colin McRae,63.0,
Elfyn Evans,63.0,
Mikko Hirvonen,63.0,6.0
Ott Tänak,63.0,
Sébastien Loeb,63.0,1.0
Sébastien Ogier,63.0,
Thierry Neuville,63.0,
Tommi Mäkinen,63.0,
Carlos Sainz,64.0,1.0
Colin McRae,64.0,
Elfyn Evans,64.0,
Mikko Hirvonen,64.0,4.0
Ott Tänak,64.0,
Sébastien Loeb,64.0,2.0
Sébastien Ogier,64.0,
Thierry Neuville,64.0,
Tommi Mäkinen,64.0,
Carlos Sainz,65.0,3.0
Colin McRae,65.0,
Elfyn Evans,65.0,
Mikko Hirvonen,65.0,
Ott Tänak,65.0,
Sébastien Loeb,65.0,4.0
Sébastien Ogier,65.0,
Thierry Neuville,65.0,
Tommi Mäkinen,65.0,
Carlos Sainz,66.0,3.0
Colin McRae,66.0,
Elfyn Evans,66.0,
Mikko Hirvonen,66.0,8.0
Ott Tänak,66.0,
Sébastien Loeb,66.0,1.0
Sébastien Ogier,66.0,
Thierry Neuville,66.0,
Tommi Mäkinen,66.0,
Carlos Sainz,67.0,5.0
Colin McRae,67.0,
Elfyn Evans,67.0,
Mikko Hirvonen,67.0,7.0
Ott Tänak,67.0,
Sébastien Loeb,67.0,2.0
Sébastien Ogier,67.0,
Thierry Neuville,67.0,
Tommi Mäkinen,67.0,
Carlos Sainz,68.0,4.0
Colin McRae,68.0,
Elfyn Evans,68.0,
Mikko Hirvonen,68.0,7.0
Ott Tänak,68.0,
Sébastien Loeb,68.0,2.0
Sébastien Ogier,68.0,
Thierry Neuville,68.0,
Tommi Mäkinen,68.0,
Carlos Sainz,69.0,3.0
Colin McRae,69.0,
Elfyn Evans,69.0,
Mikko Hirvonen,69.0,
Ott Tänak,69.0,
Sébastien Loeb,69.0,2.0
Sébastien Ogier,69.0,
Thierry Neuville,69.0,
Tommi Mäkinen,69.0,
Carlos Sainz,70.0,3.0
Colin McRae,70.0,
Elfyn Evans,70.0,
Mikko Hirvonen,70.0,1.0
Ott Tänak,70.0,
Sébastien Loeb,70.0,2.0
Sébastien Ogier,70.0,
Thierry Neuville,70.0,
Tommi Mäkinen,70.0,
Carlos Sainz,71.0,3.0
Colin McRae,71.0,
Elfyn Evans,71.0,
Mikko Hirvonen,71.0,8.0
Ott Tänak,71.0,
Sébastien Loeb,71.0,
Sébastien Ogier,71.0,
Thierry Neuville,71.0,
Tommi Mäkinen,71.0,
Carlos Sainz,72.0,
Colin McRae,72.0,
Elfyn Evans,72.0,
Mikko Hirvonen,72.0,4.0
Ott Tänak,72.0,
Sébastien Loeb,72.0,1.0
Sébastien Ogier,72.0,
Thierry Neuville,72.0,
Tommi Mäkinen,72.0,
Carlos Sainz,73.0,
Colin McRae,73.0,
Elfyn Evans,73.0,
Mikko Hirvonen,73.0,
Ott Tänak,73.0,
Sébastien Loeb,73.0,1.0
Sébastien Ogier,73.0,
Thierry Neuville,73.0,
Tommi Mäkinen,73.0,
Carlos Sainz,75.0,
Colin McRae,75.0,
Elfyn Evans,75.0,
Mikko Hirvonen,75.0,
Ott Tänak,75.0,
Sébastien Loeb,75.0,4.0
Sébastien Ogier,75.0,
Thierry Neuville,75.0,
Tommi Mäkinen,75.0,
Carlos Sainz,76.0,
Colin McRae,76.0,
Elfyn Evans,76.0,
Mikko Hirvonen,76.0,
Ott Tänak,76.0,
Sébastien Loeb,76.0,1.0
Sébastien Ogier,76.0,
Thierry Neuville,76.0,
Tommi Mäkinen,76.0,
Carlos Sainz,77.0,
Colin McRae,77.0,
Elfyn Evans,77.0,
Mikko Hirvonen,77.0,
Ott Tänak,77.0,
Sébastien Loeb,77.0,1.0
Sébastien Ogier,77.0,
Thierry Neuville,77.0,
Tommi Mäkinen,77.0,
Carlos Sainz,78.0,
Colin McRae,78.0,
Elfyn Evans,78.0,
Mikko Hirvonen,78.0,
Ott Tänak,78.0,
Sébastien Loeb,78.0,1.0
Sébastien Ogier,78.0,
Thierry Neuville,78.0,
Tommi Mäkinen,78.0,
Carlos Sainz,79.0,4.0
Colin McRae,79.0,
Elfyn Evans,79.0,
Mikko Hirvonen,79.0,
Ott Tänak,79.0,
Sébastien Loeb,79.0,1.0
Sébastien Ogier,79.0,
Thierry Neuville,79.0,
Tommi Mäkinen,79.0,
Carlos Sainz,80.0,3.0
Colin McRae,80.0,
Elfyn Evans,80.0,
Mikko Hirvonen,80.0,5.0
Ott Tänak,80.0,
Sébastien Loeb,80.0,1.0
Sébastien Ogier,80.0,
Thierry Neuville,80.0,
Tommi Mäkinen,80.0,
Carlos Sainz,81.0,
Colin McRae,81.0,
Elfyn Evans,81.0,
Mikko Hirvonen,81.0,
Ott Tänak,81.0,
Sébastien Loeb,81.0,1.0
Sébastien Ogier,81.0,
Thierry Neuville,81.0,
Tommi Mäkinen,81.0,
Carlos Sainz,82.0,
Colin McRae,82.0,
Elfyn Evans,82.0,
Mikko Hirvonen,82.0,5.0
Ott Tänak,82.0,
Sébastien Loeb,82.0,2.0
Sébastien Ogier,82.0,
Thierry Neuville,82.0,
Tommi Mäkinen,82.0,
Carlos Sainz,83.0,
Colin McRae,83.0,
Elfyn Evans,83.0,
Mikko Hirvonen,83.0,
Ott Tänak,83.0,
Sébastien Loeb,83.0,1.0
Sébastien Ogier,83.0,
Thierry Neuville,83.0,
Tommi Mäkinen,83.0,
Carlos Sainz,84.0,
Colin McRae,84.0,7.0
Elfyn Evans,84.0,
Mikko Hirvonen,84.0,
Ott Tänak,84.0,
Sébastien Loeb,84.0,3.0
Sébastien Ogier,84.0,
Thierry Neuville,84.0,
Tommi Mäkinen,84.0,
Carlos Sainz,85.0,
Colin McRae,85.0,
Elfyn Evans,85.0,
Mikko Hirvonen,85.0,
Ott Tänak,85.0,
Sébastien Loeb,85.0,2.0
Sébastien Ogier,85.0,
Thierry Neuville,85.0,
Tommi Mäkinen,85.0,
Carlos Sainz,86.0,
Colin McRae,86.0,
Elfyn Evans,86.0,
Mikko Hirvonen,86.0,
Ott Tänak,86.0,
Sébastien Loeb,86.0,1.0
Sébastien Ogier,86.0,
Thierry Neuville,86.0,
Tommi Mäkinen,86.0,
Carlos Sainz,87.0,
Colin McRae,87.0,
Elfyn Evans,87.0,
Mikko Hirvonen,87.0,3.0
Ott Tänak,87.0,
Sébastien Loeb,87.0,1.0
Sébastien Ogier,87.0,
Thierry Neuville,87.0,
Tommi Mäkinen,87.0,
Carlos Sainz,89.0,
Colin McRae,89.0,
Elfyn Evans,89.0,
Mikko Hirvonen,89.0,7.0
Ott Tänak,89.0,
Sébastien Loeb,89.0,2.0
Sébastien Ogier,89.0,
Thierry Neuville,89.0,
Tommi Mäkinen,89.0,
Carlos Sainz,90.0,
Colin McRae,90.0,
Elfyn Evans,90.0,
Mikko Hirvonen,90.0,1.0
Ott Tänak,90.0,
Sébastien Loeb,90.0,2.0
Sébastien Ogier,90.0,
Thierry Neuville,90.0,
Tommi Mäkinen,90.0,
Carlos Sainz,91.0,
Colin McRae,91.0,
Elfyn Evans,91.0,
Mikko Hirvonen,91.0,1.0
Ott Tänak,91.0,
Sébastien Loeb,91.0,1.0
Sébastien Ogier,91.0,
Thierry Neuville,91.0,
Tommi Mäkinen,91.0,
Carlos Sainz,92.0,
Colin McRae,92.0,
Elfyn Evans,92.0,
Mikko Hirvonen,92.0,9.0
Ott Tänak,92.0,
Sébastien Loeb,92.0,1.0
Sébastien Ogier,92.0,
Thierry Neuville,92.0,
Tommi Mäkinen,92.0,
Carlos Sainz,93.0,
Colin McRae,93.0,
Elfyn Evans,93.0,
Mikko Hirvonen,93.0,4.0
Ott Tänak,93.0,
Sébastien Loeb,93.0,1.0
Sébastien Ogier,93.0,
Thierry Neuville,93.0,
Tommi Mäkinen,93.0,
Carlos Sainz,94.0,
Colin McRae,94.0,
Elfyn Evans,94.0,
Mikko Hirvonen,94.0,
Ott Tänak,94.0,
Sébastien Loeb,94.0,1.0
Sébastien Ogier,94.0,
Thierry Neuville,94.0,
Tommi Mäkinen,94.0,
Carlos Sainz,95.0,
Colin McRae,95.0,
Elfyn Evans,95.0,
Mikko Hirvonen,95.0,2.0
Ott Tänak,95.0,
Sébastien Loeb,95.0,1.0
Sébastien Ogier,95.0,
Thierry Neuville,95.0,
Tommi Mäkinen,95.0,
Carlos Sainz,96.0,
Colin McRae,96.0,
Elfyn Evans,96.0,
Mikko Hirvonen,96.0,3.0
Ott Tänak,96.0,
Sébastien Loeb,96.0,2.0
Sébastien Ogier,96.0,
Thierry Neuville,96.0,
Tommi Mäkinen,96.0,
Carlos Sainz,97.0,
Colin McRae,97.0,
Elfyn Evans,97.0,
Mikko Hirvonen,97.0,9.0
Ott Tänak,97.0,
Sébastien Loeb,97.0,1.0
Sébastien Ogier,97.0,
Thierry Neuville,97.0,
Tommi Mäkinen,97.0,
Carlos Sainz,98.0,
Colin McRae,98.0,
Elfyn Evans,98.0,
Mikko Hirvonen,98.0,3.0
Ott Tänak,98.0,
Sébastien Loeb,98.0,2.0
Sébastien Ogier,98.0,
Thierry Neuville,98.0,
Tommi Mäkinen,98.0,
Carlos Sainz,99.0,
Colin McRae,99.0,
Elfyn Evans,99.0,
Mikko Hirvonen,99.0,3.0
Ott Tänak,99.0,
Sébastien Loeb,99.0,1.0
Sébastien Ogier,99.0,
Thierry Neuville,99.0,
Tommi Mäkinen,99.0,
Carlos Sainz,100.0,
Colin McRae,100.0,
Elfyn Evans,100.0,
Mikko Hirvonen,100.0,3.0
Ott Tänak,100.0,
Sébastien Loeb,100.0,1.0
Sébastien Ogier,100.0,
Thierry Neuville,100.0,
Tommi Mäkinen,100.0,
Carlos Sainz,101.0,
Colin McRae,101.0,
Elfyn Evans,101.0,
Mikko Hirvonen,101.0,2.0
Ott Tänak,101.0,
Sébastien Loeb,101.0,
Sébastien Ogier,101.0,
Thierry Neuville,101.0,
Tommi Mäkinen,101.0,
Carlos Sainz,102.0,
Colin McRae,102.0,
Elfyn Evans,102.0,
Mikko Hirvonen,102.0,1.0
Ott Tänak,102.0,
Sébastien Loeb,102.0,
Sébastien Ogier,102.0,
Thierry Neuville,102.0,
Tommi Mäkinen,102.0,
Carlos Sainz,103.0,
Colin McRae,103.0,
Elfyn Evans,103.0,
Mikko Hirvonen,103.0,2.0
Ott Tänak,103.0,
Sébastien Loeb,103.0,
Sébastien Ogier,103.0,
Thierry Neuville,103.0,
Tommi Mäkinen,103.0,
Carlos Sainz,105.0,
Colin McRae,105.0,
Elfyn Evans,105.0,
Mikko Hirvonen,105.0,5.0
Ott Tänak,105.0,
Sébastien Loeb,105.0,1.0
Sébastien Ogier,105.0,
Thierry Neuville,105.0,
Tommi Mäkinen,105.0,
Carlos Sainz,106.0,
Colin McRae,106.0,
Elfyn Evans,106.0,
Mikko Hirvonen,106.0,3.0
Ott Tänak,106.0,
Sébastien Loeb,106.0,2.0
Sébastien Ogier,106.0,
Thierry Neuville,106.0,
Tommi Mäkinen,106.0,
Carlos Sainz,107.0,
Colin McRae,107.0,
Elfyn Evans,107.0,
Mikko Hirvonen,107.0,1.0
Ott Tänak,107.0,
Sébastien Loeb,107.0,1.0
Sébastien Ogier,107.0,
Thierry Neuville,107.0,
Tommi Mäkinen,107.0,
Carlos Sainz,108.0,
Colin McRae,108.0,
Elfyn Evans,108.0,
Mikko Hirvonen,108.0,3.0
Ott Tänak,108.0,
Sébastien Loeb,108.0,1.0
Sébastien Ogier,108.0,
Thierry Neuville,108.0,
Tommi Mäkinen,108.0,
Carlos Sainz,109.0,
Colin McRae,109.0,
Elfyn Evans,109.0,
Mikko Hirvonen,109.0,5.0
Ott Tänak,109.0,
Sébastien Loeb,109.0,1.0
Sébastien Ogier,109.0,
Thierry Neuville,109.0,
Tommi Mäkinen,109.0,
Carlos Sainz,110.0,
Colin McRae,110.0,
Elfyn Evans,110.0,
Mikko Hirvonen,110.0,3.0
Ott Tänak,110.0,
Sébastien Loeb,110.0,1.0
Sébastien Ogier,110.0,
Thierry Neuville,110.0,
Tommi Mäkinen,110.0,
Carlos Sainz,111.0,
Colin McRae,111.0,
Elfyn Evans,111.0,
Mikko Hirvonen,111.0,2.0
Ott Tänak,111.0,
Sébastien Loeb,111.0,
Sébastien Ogier,111.0,
Thierry Neuville,111.0,
Tommi Mäkinen,111.0,
Carlos Sainz,112.0,
Colin McRae,112.0,
Elfyn Evans,112.0,
Mikko Hirvonen,112.0,4.0
Ott Tänak,112.0,
Sébastien Loeb,112.0,2.0
Sébastien Ogier,112.0,
Thierry Neuville,112.0,
Tommi Mäkinen,112.0,
Carlos Sainz,113.0,
Colin McRae,113.0,
Elfyn Evans,113.0,
Mikko Hirvonen,113.0,2.0
Ott Tänak,113.0,
Sébastien Loeb,113.0,3.0
Sébastien Ogier,113.0,
Thierry Neuville,113.0,
Tommi Mäkinen,113.0,
Carlos Sainz,114.0,
Colin McRae,114.0,
Elfyn Evans,114.0,
Mikko Hirvonen,114.0,3.0
Ott Tänak,114.0,
Sébastien Loeb,114.0,1.0
Sébastien Ogier,114.0,
Thierry Neuville,114.0,
Tommi Mäkinen,114.0,
Carlos Sainz,115.0,
Colin McRae,115.0,
Elfyn Evans,115.0,
Mikko Hirvonen,115.0,3.0
Ott Tänak,115.0,
Sébastien Loeb,115.0,2.0
Sébastien Ogier,115.0,
Thierry Neuville,115.0,
Tommi Mäkinen,115.0,
Carlos Sainz,116.0,
Colin McRae,116.0,
Elfyn Evans,116.0,
Mikko Hirvonen,116.0,4.0
Ott Tänak,116.0,
Sébastien Loeb,116.0,1.0
Sébastien Ogier,116.0,
Thierry Neuville,116.0,
Tommi Mäkinen,116.0,
Carlos Sainz,117.0,
Colin McRae,117.0,
Elfyn Evans,117.0,
Mikko Hirvonen,117.0,1.0
Ott Tänak,117.0,
Sébastien Loeb,117.0,1.0
Sébastien Ogier,117.0,
Thierry Neuville,117.0,
Tommi Mäkinen,117.0,
Carlos Sainz,118.0,
Colin McRae,118.0,
Elfyn Evans,118.0,
Mikko Hirvonen,118.0,1.0
Ott Tänak,118.0,
Sébastien Loeb,118.0,
Sébastien Ogier,118.0,
Thierry Neuville,118.0,
Tommi Mäkinen,118.0,
Carlos Sainz,119.0,
Colin McRae,119.0,
Elfyn Evans,119.0,
Mikko Hirvonen,119.0,4.0
Ott Tänak,119.0,
Sébastien Loeb,119.0,1.0
Sébastien Ogier,119.0,
Thierry Neuville,119.0,
Tommi Mäkinen,119.0,
Carlos Sainz,120.0,
Colin McRae,120.0,
Elfyn Evans,120.0,
Mikko Hirvonen,120.0,1.0
Ott Tänak,120.0,
Sébastien Loeb,120.0,3.0
Sébastien Ogier,120.0,
Thierry Neuville,120.0,
Tommi Mäkinen,120.0,
Carlos Sainz,121.0,
Colin McRae,121.0,
Elfyn Evans,121.0,
Mikko Hirvonen,121.0,2.0
Ott Tänak,121.0,
Sébastien Loeb,121.0,1.0
Sébastien Ogier,121.0,
Thierry Neuville,121.0,
Tommi Mäkinen,121.0,
Carlos Sainz,122.0,
Colin McRae,122.0,
Elfyn Evans,122.0,
Mikko Hirvonen,122.0,2.0
Ott Tänak,122.0,
Sébastien Loeb,122.0,
Sébastien Ogier,122.0,
Thierry Neuville,122.0,
Tommi Mäkinen,122.0,
Carlos Sainz,123.0,
Colin McRae,123.0,
Elfyn Evans,123.0,
Mikko Hirvonen,123.0,4.0
Ott Tänak,123.0,
Sébastien Loeb,123.0,1.0
Sébastien Ogier,123.0,
Thierry Neuville,123.0,
Tommi Mäkinen,123.0,
Carlos Sainz,124.0,
Colin McRae,124.0,
Elfyn Evans,124.0,
Mikko Hirvonen,124.0,5.0
Ott Tänak,124.0,
Sébastien Loeb,124.0,1.0
Sébastien Ogier,124.0,
Thierry Neuville,124.0,
Tommi Mäkinen,124.0,
Carlos Sainz,125.0,
Colin McRae,125.0,
Elfyn Evans,125.0,
Mikko Hirvonen,125.0,1.0
Ott Tänak,125.0,
Sébastien Loeb,125.0,1.0
Sébastien Ogier,125.0,
Thierry Neuville,125.0,
Tommi Mäkinen,125.0,
Carlos Sainz,126.0,
Colin McRae,126.0,
Elfyn Evans,126.0,
Mikko Hirvonen,126.0,2.0
Ott Tänak,126.0,
Sébastien Loeb,126.0,1.0
Sébastien Ogier,126.0,
Thierry Neuville,126.0,
Tommi Mäkinen,126.0,
Carlos Sainz,127.0,
Colin McRae,127.0,
Elfyn Evans,127.0,
Mikko Hirvonen,127.0,3.0
Ott Tänak,127.0,
Sébastien Loeb,127.0,1.0
Sébastien Ogier,127.0,
Thierry Neuville,127.0,
Tommi Mäkinen,127.0,
Carlos Sainz,128.0,
Colin McRae,128.0,
Elfyn Evans,128.0,
Mikko Hirvonen,128.0,1.0
Ott Tänak,128.0,
Sébastien Loeb,128.0,3.0
Sébastien Ogier,128.0,
Thierry Neuville,128.0,
Tommi Mäkinen,128.0,
Carlos Sainz,129.0,
Colin McRae,129.0,
Elfyn Evans,129.0,
Mikko Hirvonen,129.0,2.0
Ott Tänak,129.0,
Sébastien Loeb,129.0,1.0
Sébastien Ogier,129.0,3.0
Thierry Neuville,129.0,
Tommi Mäkinen,129.0,
Carlos Sainz,130.0,
Colin McRae,130.0,
Elfyn Evans,130.0,
Mikko Hirvonen,130.0,4.0
Ott Tänak,130.0,
Sébastien Loeb,130.0,1.0
Sébastien Ogier,130.0,
Thierry Neuville,130.0,
Tommi Mäkinen,130.0,
Carlos Sainz,131.0,
Colin McRae,131.0,
Elfyn Evans,131.0,
Mikko Hirvonen,131.0,3.0
Ott Tänak,131.0,
Sébastien Loeb,131.0,1.0
Sébastien Ogier,131.0,
Thierry Neuville,131.0,
Tommi Mäkinen,131.0,
Carlos Sainz,132.0,
Colin McRae,132.0,
Elfyn Evans,132.0,
Mikko Hirvonen,132.0,3.0
Ott Tänak,132.0,
Sébastien Loeb,132.0,1.0
Sébastien Ogier,132.0,
Thierry Neuville,132.0,
Tommi Mäkinen,132.0,
Carlos Sainz,133.0,
Colin McRae,133.0,
Elfyn Evans,133.0,
Mikko Hirvonen,133.0,2.0
Ott Tänak,133.0,
Sébastien Loeb,133.0,1.0
Sébastien Ogier,133.0,
Thierry Neuville,133.0,
Tommi Mäkinen,133.0,
Carlos Sainz,134.0,
Colin McRae,134.0,
Elfyn Evans,134.0,
Mikko Hirvonen,134.0,1.0
Ott Tänak,134.0,
Sébastien Loeb,134.0,3.0
Sébastien Ogier,134.0,
Thierry Neuville,134.0,
Tommi Mäkinen,134.0,
Carlos Sainz,135.0,
Colin McRae,135.0,
Elfyn Evans,135.0,
Mikko Hirvonen,135.0,8.0
Ott Tänak,135.0,
Sébastien Loeb,135.0,1.0
Sébastien Ogier,135.0,2.0
Thierry Neuville,135.0,
Tommi Mäkinen,135.0,
Carlos Sainz,136.0,
Colin McRae,136.0,
Elfyn Evans,136.0,
Mikko Hirvonen,136.0,3.0
Ott Tänak,136.0,
Sébastien Loeb,136.0,1.0
Sébastien Ogier,136.0,6.0
Thierry Neuville,136.0,
Tommi Mäkinen,136.0,
Carlos Sainz,137.0,
Colin McRae,137.0,
Elfyn Evans,137.0,
Mikko Hirvonen,137.0,2.0
Ott Tänak,137.0,
Sébastien Loeb,137.0,1.0
Sébastien Ogier,137.0,1.0
Thierry Neuville,137.0,
Tommi Mäkinen,137.0,
Carlos Sainz,138.0,
Colin McRae,138.0,
Elfyn Evans,138.0,
Mikko Hirvonen,138.0,2.0
Ott Tänak,138.0,
Sébastien Loeb,138.0,1.0
Sébastien Ogier,138.0,
Thierry Neuville,138.0,
Tommi Mäkinen,138.0,
Carlos Sainz,139.0,
Colin McRae,139.0,
Elfyn Evans,139.0,
Mikko Hirvonen,139.0,2.0
Ott Tänak,139.0,2.0
Sébastien Loeb,139.0,1.0
Sébastien Ogier,139.0,1.0
Thierry Neuville,139.0,
Tommi Mäkinen,139.0,
Carlos Sainz,140.0,
Colin McRae,140.0,
Elfyn Evans,140.0,
Mikko Hirvonen,140.0,
Ott Tänak,140.0,
Sébastien Loeb,140.0,1.0
Sébastien Ogier,140.0,7.0
Thierry Neuville,140.0,
Tommi Mäkinen,140.0,
Carlos Sainz,141.0,
Colin McRae,141.0,
Elfyn Evans,141.0,
Mikko Hirvonen,141.0,2.0
Ott Tänak,141.0,
Sébastien Loeb,141.0,4.0
Sébastien Ogier,141.0,
Thierry Neuville,141.0,
Tommi Mäkinen,141.0,
Carlos Sainz,142.0,
Colin McRae,142.0,
Elfyn Evans,142.0,
Mikko Hirvonen,142.0,1.0
Ott Tänak,142.0,
Sébastien Loeb,142.0,
Sébastien Ogier,142.0,2.0
Thierry Neuville,142.0,
Tommi Mäkinen,142.0,
Carlos Sainz,143.0,
Colin McRae,143.0,
Elfyn Evans,143.0,
Mikko Hirvonen,143.0,1.0
Ott Tänak,143.0,
Sébastien Loeb,143.0,7.0
Sébastien Ogier,143.0,
Thierry Neuville,143.0,
Tommi Mäkinen,143.0,
Carlos Sainz,144.0,
Colin McRae,144.0,
Elfyn Evans,144.0,
Mikko Hirvonen,144.0,1.0
Ott Tänak,144.0,
Sébastien Loeb,144.0,2.0
Sébastien Ogier,144.0,6.0
Thierry Neuville,144.0,
Tommi Mäkinen,144.0,
Carlos Sainz,145.0,
Colin McRae,145.0,
Elfyn Evans,145.0,
Mikko Hirvonen,145.0,1.0
Ott Tänak,145.0,
Sébastien Loeb,145.0,2.0
Sébastien Ogier,145.0,5.0
Thierry Neuville,145.0,
Tommi Mäkinen,145.0,
Carlos Sainz,146.0,
Colin McRae,146.0,
Elfyn Evans,146.0,
Mikko Hirvonen,146.0,3.0
Ott Tänak,146.0,
Sébastien Loeb,146.0,1.0
Sébastien Ogier,146.0,5.0
Thierry Neuville,146.0,
Tommi Mäkinen,146.0,
Carlos Sainz,147.0,
Colin McRae,147.0,
Elfyn Evans,147.0,
Mikko Hirvonen,147.0,2.0
Ott Tänak,147.0,
Sébastien Loeb,147.0,1.0
Sébastien Ogier,147.0,
Thierry Neuville,147.0,
Tommi Mäkinen,147.0,
Carlos Sainz,148.0,
Colin McRae,148.0,
Elfyn Evans,148.0,
Mikko Hirvonen,148.0,1.0
Ott Tänak,148.0,
Sébastien Loeb,148.0,2.0
Sébastien Ogier,148.0,5.0
Thierry Neuville,148.0,
Tommi Mäkinen,148.0,
Carlos Sainz,149.0,
Colin McRae,149.0,
Elfyn Evans,149.0,
Mikko Hirvonen,149.0,4.0
Ott Tänak,149.0,
Sébastien Loeb,149.0,1.0
Sébastien Ogier,149.0,3.0
Thierry Neuville,149.0,
Tommi Mäkinen,149.0,
Carlos Sainz,150.0,
Colin McRae,150.0,
Elfyn Evans,150.0,
Mikko Hirvonen,150.0,2.0
Ott Tänak,150.0,
Sébastien Loeb,150.0,1.0
Sébastien Ogier,150.0,6.0
Thierry Neuville,150.0,
Tommi Mäkinen,150.0,
Carlos Sainz,151.0,
Colin McRae,151.0,
Elfyn Evans,151.0,
Mikko Hirvonen,151.0,3.0
Ott Tänak,151.0,
Sébastien Loeb,151.0,1.0
Sébastien Ogier,151.0,4.0
Thierry Neuville,151.0,
Tommi Mäkinen,151.0,
Carlos Sainz,152.0,
Colin McRae,152.0,
Elfyn Evans,152.0,
Mikko Hirvonen,152.0,4.0
Ott Tänak,152.0,
Sébastien Loeb,152.0,3.0
Sébastien Ogier,152.0,2.0
Thierry Neuville,152.0,
Tommi Mäkinen,152.0,
Carlos Sainz,153.0,
Colin McRae,153.0,
Elfyn Evans,153.0,
Mikko Hirvonen,153.0,4.0
Ott Tänak,153.0,
Sébastien Loeb,153.0,2.0
Sébastien Ogier,153.0,1.0
Thierry Neuville,153.0,
Tommi Mäkinen,153.0,
Carlos Sainz,154.0,
Colin McRae,154.0,
Elfyn Evans,154.0,
Mikko Hirvonen,154.0,5.0
Ott Tänak,154.0,
Sébastien Loeb,154.0,1.0
Sébastien Ogier,154.0,4.0
Thierry Neuville,154.0,
Tommi Mäkinen,154.0,
Carlos Sainz,155.0,
Colin McRae,155.0,
Elfyn Evans,155.0,
Mikko Hirvonen,155.0,
Ott Tänak,155.0,
Sébastien Loeb,155.0,3.0
Sébastien Ogier,155.0,2.0
Thierry Neuville,155.0,
Tommi Mäkinen,155.0,
Carlos Sainz,156.0,
Colin McRae,156.0,
Elfyn Evans,156.0,
Mikko Hirvonen,156.0,
Ott Tänak,156.0,
Sébastien Loeb,156.0,1.0
Sébastien Ogier,156.0,3.0
Thierry Neuville,156.0,
Tommi Mäkinen,156.0,
Carlos Sainz,157.0,
Colin McRae,157.0,
Elfyn Evans,157.0,
Mikko Hirvonen,157.0,6.0
Ott Tänak,157.0,
Sébastien Loeb,157.0,5.0
Sébastien Ogier,157.0,1.0
Thierry Neuville,157.0,
Tommi Mäkinen,157.0,
Carlos Sainz,158.0,
Colin McRae,158.0,
Elfyn Evans,158.0,
Mikko Hirvonen,158.0,5.0
Ott Tänak,158.0,
Sébastien Loeb,158.0,1.0
Sébastien Ogier,158.0,6.0
Thierry Neuville,158.0,
Tommi Mäkinen,158.0,
Carlos Sainz,159.0,
Colin McRae,159.0,
Elfyn Evans,159.0,
Mikko Hirvonen,159.0,5.0
Ott Tänak,159.0,
Sébastien Loeb,159.0,1.0
Sébastien Ogier,159.0,1.0
Thierry Neuville,159.0,
Tommi Mäkinen,159.0,
Carlos Sainz,160.0,
Colin McRae,160.0,
Elfyn Evans,160.0,
Mikko Hirvonen,160.0,4.0
Ott Tänak,160.0,
Sébastien Loeb,160.0,1.0
Sébastien Ogier,160.0,
Thierry Neuville,160.0,
Tommi Mäkinen,160.0,
Carlos Sainz,161.0,
Colin McRae,161.0,
Elfyn Evans,161.0,
Mikko Hirvonen,161.0,1.0
Ott Tänak,161.0,
Sébastien Loeb,161.0,6.0
Sébastien Ogier,161.0,4.0
Thierry Neuville,161.0,
Tommi Mäkinen,161.0,
Carlos Sainz,162.0,
Colin McRae,162.0,
Elfyn Evans,162.0,
Mikko Hirvonen,162.0,2.0
Ott Tänak,162.0,
Sébastien Loeb,162.0,1.0
Sébastien Ogier,162.0,
Thierry Neuville,162.0,
Tommi Mäkinen,162.0,
Carlos Sainz,163.0,
Colin McRae,163.0,
Elfyn Evans,163.0,
Mikko Hirvonen,163.0,4.0
Ott Tänak,163.0,
Sébastien Loeb,163.0,2.0
Sébastien Ogier,163.0,1.0
Thierry Neuville,163.0,
Tommi Mäkinen,163.0,
Carlos Sainz,164.0,
Colin McRae,164.0,
Elfyn Evans,164.0,
Mikko Hirvonen,164.0,4.0
Ott Tänak,164.0,
Sébastien Loeb,164.0,3.0
Sébastien Ogier,164.0,1.0
Thierry Neuville,164.0,
Tommi Mäkinen,164.0,
Carlos Sainz,165.0,
Colin McRae,165.0,
Elfyn Evans,165.0,
Mikko Hirvonen,165.0,2.0
Ott Tänak,165.0,
Sébastien Loeb,165.0,1.0
Sébastien Ogier,165.0,4.0
Thierry Neuville,165.0,
Tommi Mäkinen,165.0,
Carlos Sainz,166.0,
Colin McRae,166.0,
Elfyn Evans,166.0,
Mikko Hirvonen,166.0,2.0
Ott Tänak,166.0,
Sébastien Loeb,166.0,1.0
Sébastien Ogier,166.0,3.0
Thierry Neuville,166.0,
Tommi Mäkinen,166.0,
Carlos Sainz,167.0,
Colin McRae,167.0,
Elfyn Evans,167.0,
Mikko Hirvonen,167.0,3.0
Ott Tänak,167.0,
Sébastien Loeb,167.0,2.0
Sébastien Ogier,167.0,1.0
Thierry Neuville,167.0,
Tommi Mäkinen,167.0,
Carlos Sainz,168.0,
Colin McRae,168.0,
Elfyn Evans,168.0,
Mikko Hirvonen,168.0,4.0
Ott Tänak,168.0,
Sébastien Loeb,168.0,1.0
Sébastien Ogier,168.0,3.0
Thierry Neuville,168.0,
Tommi Mäkinen,168.0,
Carlos Sainz,169.0,
Colin McRae,169.0,
Elfyn Evans,169.0,
Mikko Hirvonen,169.0,4.0
Ott Tänak,169.0,
Sébastien Loeb,169.0,2.0
Sébastien Ogier,169.0,1.0
Thierry Neuville,169.0,
Tommi Mäkinen,169.0,
Carlos Sainz,170.0,
Colin McRae,170.0,
Elfyn Evans,170.0,
Mikko Hirvonen,170.0,1.0
Ott Tänak,170.0,
Sébastien Loeb,170.0,1.0
Sébastien Ogier,170.0,1.0
Thierry Neuville,170.0,
Tommi Mäkinen,170.0,
Carlos Sainz,171.0,
Colin McRae,171.0,
Elfyn Evans,171.0,1.0
Mikko Hirvonen,171.0,3.0
Ott Tänak,171.0,
Sébastien Loeb,171.0,
Sébastien Ogier,171.0,1.0
Thierry Neuville,171.0,
Tommi Mäkinen,171.0,
Carlos Sainz,172.0,
Colin McRae,172.0,
Elfyn Evans,172.0,
Mikko Hirvonen,172.0,2.0
Ott Tänak,172.0,
Sébastien Loeb,172.0,1.0
Sébastien Ogier,172.0,
Thierry Neuville,172.0,
Tommi Mäkinen,172.0,
Carlos Sainz,173.0,
Colin McRae,173.0,
Elfyn Evans,173.0,
Mikko Hirvonen,173.0,
Ott Tänak,173.0,6.0
Sébastien Loeb,173.0,
Sébastien Ogier,173.0,1.0
Thierry Neuville,173.0,
Tommi Mäkinen,173.0,
Carlos Sainz,174.0,
Colin McRae,174.0,
Elfyn Evans,174.0,
Mikko Hirvonen,174.0,4.0
Ott Tänak,174.0,8.0
Sébastien Loeb,174.0,1.0
Sébastien Ogier,174.0,
Thierry Neuville,174.0,
Tommi Mäkinen,174.0,
Carlos Sainz,175.0,
Colin McRae,175.0,
Elfyn Evans,175.0,
Mikko Hirvonen,175.0,2.0
Ott Tänak,175.0,
Sébastien Loeb,175.0,6.0
Sébastien Ogier,175.0,1.0
Thierry Neuville,175.0,1.0
Tommi Mäkinen,175.0,
Carlos Sainz,176.0,
Colin McRae,176.0,
Elfyn Evans,176.0,
Mikko Hirvonen,176.0,2.0
Ott Tänak,176.0,5.0
Sébastien Loeb,176.0,1.0
Sébastien Ogier,176.0,8.0
Thierry Neuville,176.0,1.0
Tommi Mäkinen,176.0,
Carlos Sainz,177.0,
Colin McRae,177.0,
Elfyn Evans,177.0,
Mikko Hirvonen,177.0,
Ott Tänak,177.0,1.0
Sébastien Loeb,177.0,
Sébastien Ogier,177.0,7.0
Thierry Neuville,177.0,8.0
Tommi Mäkinen,177.0,
Carlos Sainz,178.0,
Colin McRae,178.0,
Elfyn Evans,178.0,
Mikko Hirvonen,178.0,2.0
Ott Tänak,178.0,1.0
Sébastien Loeb,178.0,1.0
Sébastien Ogier,178.0,7.0
Thierry Neuville,178.0,5.0
Tommi Mäkinen,178.0,
Carlos Sainz,179.0,
Colin McRae,179.0,
Elfyn Evans,179.0,
Mikko Hirvonen,179.0,2.0
Ott Tänak,179.0,9.0
Sébastien Loeb,179.0,1.0
Sébastien Ogier,179.0,7.0
Thierry Neuville,179.0,6.0
Tommi Mäkinen,179.0,
Carlos Sainz,180.0,
Colin McRae,180.0,
Elfyn Evans,180.0,
Mikko Hirvonen,180.0,2.0
Ott Tänak,180.0,
Sébastien Loeb,180.0,1.0
Sébastien Ogier,180.0,
Thierry Neuville,180.0,5.0
Tommi Mäkinen,180.0,
Carlos Sainz,181.0,
Colin McRae,181.0,
Elfyn Evans,181.0,
Mikko Hirvonen,181.0,2.0
Ott Tänak,181.0,6.0
Sébastien Loeb,181.0,1.0
Sébastien Ogier,181.0,1.0
Thierry Neuville,181.0,1.0
Tommi Mäkinen,181.0,
Carlos Sainz,182.0,
Colin McRae,182.0,
Elfyn Evans,182.0,
Mikko Hirvonen,182.0,3.0
Ott Tänak,182.0,
Sébastien Loeb,182.0,1.0
Sébastien Ogier,182.0,6.0
Thierry Neuville,182.0,1.0
Tommi Mäkinen,182.0,
Carlos Sainz,183.0,
Colin McRae,183.0,
Elfyn Evans,183.0,
Mikko Hirvonen,183.0,5.0
Ott Tänak,183.0,
Sébastien Loeb,183.0,2.0
Sébastien Ogier,183.0,1.0
Thierry Neuville,183.0,7.0
Tommi Mäkinen,183.0,
Carlos Sainz,184.0,
Colin McRae,184.0,
Elfyn Evans,184.0,
Mikko Hirvonen,184.0,3.0
Ott Tänak,184.0,6.0
Sébastien Loeb,184.0,1.0
Sébastien Ogier,184.0,1.0
Thierry Neuville,184.0,4.0
Tommi Mäkinen,184.0,
Carlos Sainz,185.0,
Colin McRae,185.0,
Elfyn Evans,185.0,
Mikko Hirvonen,185.0,1.0
Ott Tänak,185.0,3.0
Sébastien Loeb,185.0,
Sébastien Ogier,185.0,5.0
Thierry Neuville,185.0,1.0
Tommi Mäkinen,185.0,
Carlos Sainz,186.0,
Colin McRae,186.0,
Elfyn Evans,186.0,
Mikko Hirvonen,186.0,3.0
Ott Tänak,186.0,
Sébastien Loeb,186.0,1.0
Sébastien Ogier,186.0,
Thierry Neuville,186.0,1.0
Tommi Mäkinen,186.0,
Carlos Sainz,187.0,
Colin McRae,187.0,
Elfyn Evans,187.0,
Mikko Hirvonen,187.0,4.0
Ott Tänak,187.0,
Sébastien Loeb,187.0,1.0
Sébastien Ogier,187.0,2.0
Thierry Neuville,187.0,
Tommi Mäkinen,187.0,
Carlos Sainz,188.0,
Colin McRae,188.0,
Elfyn Evans,188.0,
Mikko Hirvonen,188.0,1.0
Ott Tänak,188.0,
Sébastien Loeb,188.0,2.0
Sébastien Ogier,188.0,1.0
Thierry Neuville,188.0,5.0
Tommi Mäkinen,188.0,
Carlos Sainz,189.0,
Colin McRae,189.0,
Elfyn Evans,189.0,
Mikko Hirvonen,189.0,2.0
Ott Tänak,189.0,
Sébastien Loeb,189.0,
Sébastien Ogier,189.0,1.0
Thierry Neuville,189.0,3.0
Tommi Mäkinen,189.0,
Carlos Sainz,190.0,
Colin McRae,190.0,
Elfyn Evans,190.0,
Mikko Hirvonen,190.0,2.0
Ott Tänak,190.0,
Sébastien Loeb,190.0,
Sébastien Ogier,190.0,1.0
Thierry Neuville,190.0,1.0
Tommi Mäkinen,190.0,
Carlos Sainz,191.0,
Colin McRae,191.0,
Elfyn Evans,191.0,
Mikko Hirvonen,191.0,6.0
Ott Tänak,191.0,
Sébastien Loeb,191.0,1.0
Sébastien Ogier,191.0,2.0
Thierry Neuville,191.0,5.0
Tommi Mäkinen,191.0,
Carlos Sainz,192.0,
Colin McRae,192.0,
Elfyn Evans,192.0,
Mikko Hirvonen,192.0,8.0
Ott Tänak,192.0,
Sébastien Loeb,192.0,
Sébastien Ogier,192.0,1.0
Thierry Neuville,192.0,3.0
Tommi Mäkinen,192.0,
Carlos Sainz,193.0,
Colin McRae,193.0,
Elfyn Evans,193.0,6.0
Mikko Hirvonen,193.0,
Ott Tänak,193.0,
Sébastien Loeb,193.0,
Sébastien Ogier,193.0,1.0
Thierry Neuville,193.0,2.0
Tommi Mäkinen,193.0,
Carlos Sainz,194.0,
Colin McRae,194.0,
Elfyn Evans,194.0,
Mikko Hirvonen,194.0,4.0
Ott Tänak,194.0,
Sébastien Loeb,194.0,
Sébastien Ogier,194.0,1.0
Thierry Neuville,194.0,2.0
Tommi Mäkinen,194.0,
Carlos Sainz,195.0,
Colin McRae,195.0,
Elfyn Evans,195.0,
Mikko Hirvonen,195.0,3.0
Ott Tänak,195.0,
Sébastien Loeb,195.0,
Sébastien Ogier,195.0,1.0
Thierry Neuville,195.0,2.0
Tommi Mäkinen,195.0,
Carlos Sainz,196.0,
Colin McRae,196.0,
Elfyn Evans,196.0,
Mikko Hirvonen,196.0,3.0
Ott Tänak,196.0,
Sébastien Loeb,196.0,
Sébastien Ogier,196.0,1.0
Thierry Neuville,196.0,2.0
Tommi Mäkinen,196.0,
Carlos Sainz,197.0,
Colin McRae,197.0,
Elfyn Evans,197.0,
Mikko Hirvonen,197.0,6.0
Ott Tänak,197.0,
Sébastien Loeb,197.0,
Sébastien Ogier,197.0,1.0
Thierry Neuville,197.0,4.0
Tommi Mäkinen,197.0,
Carlos Sainz,198.0,
Colin McRae,198.0,
Elfyn Evans,198.0,
Mikko Hirvonen,198.0,3.0
Ott Tänak,198.0,
Sébastien Loeb,198.0,
Sébastien Ogier,198.0,1.0
Thierry Neuville,198.0,4.0
Tommi Mäkinen,198.0,
Carlos Sainz,199.0,
Colin McRae,199.0,
Elfyn Evans,199.0,
Mikko Hirvonen,199.0,
Ott Tänak,199.0,
Sébastien Loeb,199.0,
Sébastien Ogier,199.0,1.0
Thierry Neuville,199.0,3.0
Tommi Mäkinen,199.0,
Carlos Sainz,200.0,
Colin McRae,200.0,
Elfyn Evans,200.0,6.0
Mikko Hirvonen,200.0,
Ott Tänak,200.0,
Sébastien Loeb,200.0,
Sébastien Ogier,200.0,1.0
Thierry Neuville,200.0,
Tommi Mäkinen,200.0,
Carlos Sainz,201.0,
Colin McRae,201.0,
Elfyn Evans,201.0,
Mikko Hirvonen,201.0,4.0
Ott Tänak,201.0,5.0
Sébastien Loeb,201.0,
Sébastien Ogier,201.0,6.0
Thierry Neuville,201.0,2.0
Tommi Mäkinen,201.0,
Carlos Sainz,202.0,
Colin McRae,202.0,
Elfyn Evans,202.0,4.0
Mikko Hirvonen,202.0,8.0
Ott Tänak,202.0,
Sébastien Loeb,202.0,
Sébastien Ogier,202.0,1.0
Thierry Neuville,202.0,3.0
Tommi Mäkinen,202.0,
Carlos Sainz,203.0,
Colin McRae,203.0,
Elfyn Evans,203.0,2.0
Mikko Hirvonen,203.0,2.0
Ott Tänak,203.0,
Sébastien Loeb,203.0,
Sébastien Ogier,203.0,1.0
Thierry Neuville,203.0,7.0
Tommi Mäkinen,203.0,
Carlos Sainz,204.0,
Colin McRae,204.0,
Elfyn Evans,204.0,7.0
Mikko Hirvonen,204.0,9.0
Ott Tänak,204.0,
Sébastien Loeb,204.0,
Sébastien Ogier,204.0,2.0
Thierry Neuville,204.0,5.0
Tommi Mäkinen,204.0,
Carlos Sainz,205.0,
Colin McRae,205.0,
Elfyn Evans,205.0,5.0
Mikko Hirvonen,205.0,
Ott Tänak,205.0,
Sébastien Loeb,205.0,
Sébastien Ogier,205.0,1.0
Thierry Neuville,205.0,1.0
Tommi Mäkinen,205.0,
Carlos Sainz,206.0,
Colin McRae,206.0,
Elfyn Evans,206.0,3.0
Mikko Hirvonen,206.0,4.0
Ott Tänak,206.0,
Sébastien Loeb,206.0,
Sébastien Ogier,206.0,1.0
Thierry Neuville,206.0,3.0
Tommi Mäkinen,206.0,
Carlos Sainz,207.0,
Colin McRae,207.0,
Elfyn Evans,207.0,7.0
Mikko Hirvonen,207.0,5.0
Ott Tänak,207.0,
Sébastien Loeb,207.0,
Sébastien Ogier,207.0,2.0
Thierry Neuville,207.0,
Tommi Mäkinen,207.0,
Carlos Sainz,208.0,
Colin McRae,208.0,
Elfyn Evans,208.0,4.0
Mikko Hirvonen,208.0,5.0
Ott Tänak,208.0,
Sébastien Loeb,208.0,
Sébastien Ogier,208.0,
Thierry Neuville,208.0,1.0
Tommi Mäkinen,208.0,
Carlos Sainz,209.0,
Colin McRae,209.0,
Elfyn Evans,209.0,8.0
Mikko Hirvonen,209.0,5.0
Ott Tänak,209.0,
Sébastien Loeb,209.0,
Sébastien Ogier,209.0,1.0
Thierry Neuville,209.0,7.0
Tommi Mäkinen,209.0,
Carlos Sainz,210.0,
Colin McRae,210.0,
Elfyn Evans,210.0,6.0
Mikko Hirvonen,210.0,5.0
Ott Tänak,210.0,
Sébastien Loeb,210.0,
Sébastien Ogier,210.0,1.0
Thierry Neuville,210.0,8.0
Tommi Mäkinen,210.0,
Carlos Sainz,211.0,
Colin McRae,211.0,
Elfyn Evans,211.0,1.0
Mikko Hirvonen,211.0,3.0
Ott Tänak,211.0,
Sébastien Loeb,211.0,
Sébastien Ogier,211.0,1.0
Thierry Neuville,211.0,6.0
Tommi Mäkinen,211.0,
Carlos Sainz,212.0,
Colin McRae,212.0,
Elfyn Evans,212.0,5.0
Mikko Hirvonen,212.0,2.0
Ott Tänak,212.0,7.0
Sébastien Loeb,212.0,
Sébastien Ogier,212.0,1.0
Thierry Neuville,212.0,4.0
Tommi Mäkinen,212.0,
Carlos Sainz,213.0,
Colin McRae,213.0,
Elfyn Evans,213.0,7.0
Mikko Hirvonen,213.0,
Ott Tänak,213.0,1.0
Sébastien Loeb,213.0,8.0
Sébastien Ogier,213.0,1.0
Thierry Neuville,213.0,5.0
Tommi Mäkinen,213.0,
Carlos Sainz,214.0,
Colin McRae,214.0,
Elfyn Evans,214.0,6.0
Mikko Hirvonen,214.0,
Ott Tänak,214.0,4.0
Sébastien Loeb,214.0,
Sébastien Ogier,214.0,1.0
Thierry Neuville,214.0,2.0
Tommi Mäkinen,214.0,
Carlos Sainz,215.0,
Colin McRae,215.0,
Elfyn Evans,215.0,4.0
Mikko Hirvonen,215.0,
Ott Tänak,215.0,2.0
Sébastien Loeb,215.0,
Sébastien Ogier,215.0,1.0
Thierry Neuville,215.0,8.0
Tommi Mäkinen,215.0,
Carlos Sainz,216.0,
Colin McRae,216.0,
Elfyn Evans,216.0,3.0
Mikko Hirvonen,216.0,
Ott Tänak,216.0,1.0
Sébastien Loeb,216.0,
Sébastien Ogier,216.0,1.0
Thierry Neuville,216.0,
Tommi Mäkinen,216.0,
Carlos Sainz,217.0,
Colin McRae,217.0,
Elfyn Evans,217.0,6.0
Mikko Hirvonen,217.0,
Ott Tänak,217.0,5.0
Sébastien Loeb,217.0,
Sébastien Ogier,217.0,2.0
Thierry Neuville,217.0,3.0
Tommi Mäkinen,217.0,
Carlos Sainz,218.0,
Colin McRae,218.0,
Elfyn Evans,218.0,4.0
Mikko Hirvonen,218.0,
Ott Tänak,218.0,1.0
Sébastien Loeb,218.0,
Sébastien Ogier,218.0,1.0
Thierry Neuville,218.0,3.0
Tommi Mäkinen,218.0,
Carlos Sainz,219.0,
Colin McRae,219.0,
Elfyn Evans,219.0,
Mikko Hirvonen,219.0,
Ott Tänak,219.0,3.0
Sébastien Loeb,219.0,
Sébastien Ogier,219.0,1.0
Thierry Neuville,219.0,6.0
Tommi Mäkinen,219.0,
Carlos Sainz,220.0,
Colin McRae,220.0,
Elfyn Evans,220.0,1.0
Mikko Hirvonen,220.0,
Ott Tänak,220.0,5.0
Sébastien Loeb,220.0,
Sébastien Ogier,220.0,2.0
Thierry Neuville,220.0,4.0
Tommi Mäkinen,220.0,
Carlos Sainz,221.0,
Colin McRae,221.0,
Elfyn Evans,221.0,6.0
Mikko Hirvonen,221.0,
Ott Tänak,221.0,8.0
Sébastien Loeb,221.0,
Sébastien Ogier,221.0,1.0
Thierry Neuville,221.0,5.0
Tommi Mäkinen,221.0,
Carlos Sainz,222.0,
Colin McRae,222.0,
Elfyn Evans,222.0,9.0
Mikko Hirvonen,222.0,
Ott Tänak,222.0,6.0
Sébastien Loeb,222.0,
Sébastien Ogier,222.0,1.0
Thierry Neuville,222.0,7.0
Tommi Mäkinen,222.0,
Carlos Sainz,223.0,
Colin McRae,223.0,
Elfyn Evans,223.0,2.0
Mikko Hirvonen,223.0,
Ott Tänak,223.0,1.0
Sébastien Loeb,223.0,
Sébastien Ogier,223.0,1.0
Thierry Neuville,223.0,2.0
Tommi Mäkinen,223.0,
Carlos Sainz,224.0,
Colin McRae,224.0,
Elfyn Evans,224.0,3.0
Mikko Hirvonen,224.0,
Ott Tänak,224.0,4.0
Sébastien Loeb,224.0,
Sébastien Ogier,224.0,
Thierry Neuville,224.0,8.0
Tommi Mäkinen,224.0,
Carlos Sainz,225.0,
Colin McRae,225.0,
Elfyn Evans,225.0,6.0
Mikko Hirvonen,225.0,
Ott Tänak,225.0,
Sébastien Loeb,225.0,
Sébastien Ogier,225.0,1.0
Thierry Neuville,225.0,
Tommi Mäkinen,225.0,
Carlos Sainz,226.0,
Colin McRae,226.0,
Elfyn Evans,226.0,
Mikko Hirvonen,226.0,
Ott Tänak,226.0,7.0
Sébastien Loeb,226.0,
Sébastien Ogier,226.0,1.0
Thierry Neuville,226.0,3.0
Tommi Mäkinen,226.0,
Carlos Sainz,227.0,
Colin McRae,227.0,
Elfyn Evans,227.0,
Mikko Hirvonen,227.0,
Ott Tänak,227.0,5.0
Sébastien Loeb,227.0,
Sébastien Ogier,227.0,1.0
Thierry Neuville,227.0,1.0
Tommi Mäkinen,227.0,
Carlos Sainz,228.0,
Colin McRae,228.0,
Elfyn Evans,228.0,
Mikko Hirvonen,228.0,
Ott Tänak,228.0,6.0
Sébastien Loeb,228.0,
Sébastien Ogier,228.0,2.0
Thierry Neuville,228.0,
Tommi Mäkinen,228.0,
Carlos Sainz,229.0,
Colin McRae,229.0,
Elfyn Evans,229.0,
Mikko Hirvonen,229.0,
Ott Tänak,229.0,1.0
Sébastien Loeb,229.0,
Sébastien Ogier,229.0,2.0
Thierry Neuville,229.0,6.0
Tommi Mäkinen,229.0,
Carlos Sainz,230.0,
Colin McRae,230.0,
Elfyn Evans,230.0,
Mikko Hirvonen,230.0,
Ott Tänak,230.0,
Sébastien Loeb,230.0,
Sébastien Ogier,230.0,3.0
Thierry Neuville,230.0,2.0
Tommi Mäkinen,230.0,
Carlos Sainz,231.0,
Colin McRae,231.0,
Elfyn Evans,231.0,
Mikko Hirvonen,231.0,
Ott Tänak,231.0,5.0
Sébastien Loeb,231.0,
Sébastien Ogier,231.0,3.0
Thierry Neuville,231.0,1.0
Tommi Mäkinen,231.0,
Carlos Sainz,232.0,
Colin McRae,232.0,
Elfyn Evans,232.0,
Mikko Hirvonen,232.0,
Ott Tänak,232.0,2.0
Sébastien Loeb,232.0,
Sébastien Ogier,232.0,6.0
Thierry Neuville,232.0,4.0
Tommi Mäkinen,232.0,
Carlos Sainz,233.0,
Colin McRae,233.0,
Elfyn Evans,233.0,
Mikko Hirvonen,233.0,
Ott Tänak,233.0,
Sébastien Loeb,233.0,
Sébastien Ogier,233.0,2.0
Thierry Neuville,233.0,4.0
Tommi Mäkinen,233.0,
Carlos Sainz,234.0,
Colin McRae,234.0,
Elfyn Evans,234.0,
Mikko Hirvonen,234.0,
Ott Tänak,234.0,2.0
Sébastien Loeb,234.0,
Sébastien Ogier,234.0,1.0
Thierry Neuville,234.0,3.0
Tommi Mäkinen,234.0,
Carlos Sainz,235.0,
Colin McRae,235.0,
Elfyn Evans,235.0,
Mikko Hirvonen,235.0,
Ott Tänak,235.0,1.0
Sébastien Loeb,235.0,
Sébastien Ogier,235.0,1.0
Thierry Neuville,235.0,2.0
Tommi Mäkinen,235.0,
Carlos Sainz,236.0,
Colin McRae,236.0,
Elfyn Evans,236.0,
Mikko Hirvonen,236.0,
Ott Tänak,236.0,6.0
Sébastien Loeb,236.0,
Sébastien Ogier,236.0,1.0
Thierry Neuville,236.0,3.0
Tommi Mäkinen,236.0,
Carlos Sainz,237.0,
Colin McRae,237.0,
Elfyn Evans,237.0,
Mikko Hirvonen,237.0,
Ott Tänak,237.0,2.0
Sébastien Loeb,237.0,
Sébastien Ogier,237.0,1.0
Thierry Neuville,237.0,3.0
Tommi Mäkinen,237.0,
Carlos Sainz,238.0,
Colin McRae,238.0,
Elfyn Evans,238.0,
Mikko Hirvonen,238.0,
Ott Tänak,238.0,7.0
Sébastien Loeb,238.0,
Sébastien Ogier,238.0,2.0
Thierry Neuville,238.0,3.0
Tommi Mäkinen,238.0,
Carlos Sainz,239.0,
Colin McRae,239.0,
Elfyn Evans,239.0,6.0
Mikko Hirvonen,239.0,
Ott Tänak,239.0,3.0
Sébastien Loeb,239.0,
Sébastien Ogier,239.0,1.0
Thierry Neuville,239.0,1.0
Tommi Mäkinen,239.0,
Carlos Sainz,240.0,
Colin McRae,240.0,
Elfyn Evans,240.0,6.0
Mikko Hirvonen,240.0,
Ott Tänak,240.0,2.0
Sébastien Loeb,240.0,
Sébastien Ogier,240.0,3.0
Thierry Neuville,240.0,1.0
Tommi Mäkinen,240.0,
Carlos Sainz,241.0,
Colin McRae,241.0,
Elfyn Evans,241.0,9.0
Mikko Hirvonen,241.0,
Ott Tänak,241.0,4.0
Sébastien Loeb,241.0,
Sébastien Ogier,241.0,2.0
Thierry Neuville,241.0,3.0
Tommi Mäkinen,241.0,
Carlos Sainz,242.0,
Colin McRae,242.0,
Elfyn Evans,242.0,2.0
Mikko Hirvonen,242.0,
Ott Tänak,242.0,1.0
Sébastien Loeb,242.0,
Sébastien Ogier,242.0,2.0
Thierry Neuville,242.0,1.0
Tommi Mäkinen,242.0,
Carlos Sainz,243.0,
Colin McRae,243.0,
Elfyn Evans,243.0,2.0
Mikko Hirvonen,243.0,
Ott Tänak,243.0,3.0
Sébastien Loeb,243.0,
Sébastien Ogier,243.0,4.0
Thierry Neuville,243.0,1.0
Tommi Mäkinen,243.0,
Carlos Sainz,244.0,
Colin McRae,244.0,
Elfyn Evans,244.0,6.0
Mikko Hirvonen,244.0,
Ott Tänak,244.0,4.0
Sébastien Loeb,244.0,
Sébastien Ogier,244.0,1.0
Thierry Neuville,244.0,2.0
Tommi Mäkinen,244.0,
Carlos Sainz,245.0,
Colin McRae,245.0,
Elfyn Evans,245.0,
Mikko Hirvonen,245.0,
Ott Tänak,245.0,1.0
Sébastien Loeb,245.0,
Sébastien Ogier,245.0,5.0
Thierry Neuville,245.0,3.0
Tommi Mäkinen,245.0,
Carlos Sainz,246.0,
Colin McRae,246.0,
Elfyn Evans,246.0,8.0
Mikko Hirvonen,246.0,
Ott Tänak,246.0,
Sébastien Loeb,246.0,
Sébastien Ogier,246.0,3.0
Thierry Neuville,246.0,1.0
Tommi Mäkinen,246.0,
Carlos Sainz,247.0,
Colin McRae,247.0,
Elfyn Evans,247.0,2.0
Mikko Hirvonen,247.0,
Ott Tänak,247.0,7.0
Sébastien Loeb,247.0,
Sébastien Ogier,247.0,
Thierry Neuville,247.0,6.0
Tommi Mäkinen,247.0,
Carlos Sainz,248.0,
Colin McRae,248.0,
Elfyn Evans,248.0,6.0
Mikko Hirvonen,248.0,
Ott Tänak,248.0,1.0
Sébastien Loeb,248.0,
Sébastien Ogier,248.0,3.0
Thierry Neuville,248.0,4.0
Tommi Mäkinen,248.0,
Carlos Sainz,249.0,
Colin McRae,249.0,
Elfyn Evans,249.0,7.0
Mikko Hirvonen,249.0,
Ott Tänak,249.0,3.0
Sébastien Loeb,249.0,
Sébastien Ogier,249.0,2.0
Thierry Neuville,249.0,
Tommi Mäkinen,249.0,
Carlos Sainz,250.0,
Colin McRae,250.0,
Elfyn Evans,250.0,1.0
Mikko Hirvonen,250.0,
Ott Tänak,250.0,6.0
Sébastien Loeb,250.0,
Sébastien Ogier,250.0,3.0
Thierry Neuville,250.0,2.0
Tommi Mäkinen,250.0,
Carlos Sainz,251.0,
Colin McRae,251.0,
Elfyn Evans,251.0,5.0
Mikko Hirvonen,251.0,
Ott Tänak,251.0,2.0
Sébastien Loeb,251.0,
Sébastien Ogier,251.0,4.0
Thierry Neuville,251.0,1.0
Tommi Mäkinen,251.0,
Carlos Sainz,252.0,
Colin McRae,252.0,
Elfyn Evans,252.0,6.0
Mikko Hirvonen,252.0,
Ott Tänak,252.0,2.0
Sébastien Loeb,252.0,
Sébastien Ogier,252.0,1.0
Thierry Neuville,252.0,5.0
Tommi Mäkinen,252.0,
Carlos Sainz,253.0,
Colin McRae,253.0,
Elfyn Evans,253.0,1.0
Mikko Hirvonen,253.0,
Ott Tänak,253.0,9.0
Sébastien Loeb,253.0,
Sébastien Ogier,253.0,1.0
Thierry Neuville,253.0,1.0
Tommi Mäkinen,253.0,
Carlos Sainz,254.0,
Colin McRae,254.0,
Elfyn Evans,254.0,
Mikko Hirvonen,254.0,
Ott Tänak,254.0,1.0
Sébastien Loeb,254.0,5.0
Sébastien Ogier,254.0,1.0
Thierry Neuville,254.0,6.0
Tommi Mäkinen,254.0,
Carlos Sainz,255.0,
Colin McRae,255.0,
Elfyn Evans,255.0,5.0
Mikko Hirvonen,255.0,
Ott Tänak,255.0,2.0
Sébastien Loeb,255.0,1.0
Sébastien Ogier,255.0,1.0
Thierry Neuville,255.0,3.0
Tommi Mäkinen,255.0,
Carlos Sainz,256.0,
Colin McRae,256.0,
Elfyn Evans,256.0,6.0
Mikko Hirvonen,256.0,
Ott Tänak,256.0,1.0
Sébastien Loeb,256.0,
Sébastien Ogier,256.0,4.0
Thierry Neuville,256.0,2.0
Tommi Mäkinen,256.0,
Carlos Sainz,257.0,
Colin McRae,257.0,
Elfyn Evans,257.0,2.0
Mikko Hirvonen,257.0,
Ott Tänak,257.0,
Sébastien Loeb,257.0,
Sébastien Ogier,257.0,
Thierry Neuville,257.0,1.0
Tommi Mäkinen,257.0,
Carlos Sainz,258.0,
Colin McRae,258.0,
Elfyn Evans,258.0,1.0
Mikko Hirvonen,258.0,
Ott Tänak,258.0,9.0
Sébastien Loeb,258.0,
Sébastien Ogier,258.0,2.0
Thierry Neuville,258.0,1.0
Tommi Mäkinen,258.0,
Carlos Sainz,259.0,
Colin McRae,259.0,
Elfyn Evans,259.0,7.0
Mikko Hirvonen,259.0,
Ott Tänak,259.0,1.0
Sébastien Loeb,259.0,
Sébastien Ogier,259.0,5.0
Thierry Neuville,259.0,9.0
Tommi Mäkinen,259.0,
Carlos Sainz,260.0,
Colin McRae,260.0,
Elfyn Evans,260.0,2.0
Mikko Hirvonen,260.0,
Ott Tänak,260.0,1.0
Sébastien Loeb,260.0,
Sébastien Ogier,260.0,4.0
Thierry Neuville,260.0,2.0
Tommi Mäkinen,260.0,
Carlos Sainz,261.0,
Colin McRae,261.0,
Elfyn Evans,261.0,1.0
Mikko Hirvonen,261.0,
Ott Tänak,261.0,1.0
Sébastien Loeb,261.0,
Sébastien Ogier,261.0,1.0
Thierry Neuville,261.0,1.0
Tommi Mäkinen,261.0,
Carlos Sainz,262.0,
Colin McRae,262.0,
Elfyn Evans,262.0,2.0
Mikko Hirvonen,262.0,
Ott Tänak,262.0,1.0
Sébastien Loeb,262.0,
Sébastien Ogier,262.0,1.0
Thierry Neuville,262.0,5.0
Tommi Mäkinen,262.0,
Carlos Sainz,263.0,
Colin McRae,263.0,
Elfyn Evans,263.0,3.0
Mikko Hirvonen,263.0,
Ott Tänak,263.0,6.0
Sébastien Loeb,263.0,1.0
Sébastien Ogier,263.0,2.0
Thierry Neuville,263.0,4.0
Tommi Mäkinen,263.0,
Carlos Sainz,264.0,
Colin McRae,264.0,
Elfyn Evans,264.0,6.0
Mikko Hirvonen,264.0,
Ott Tänak,264.0,
Sébastien Loeb,264.0,
Sébastien Ogier,264.0,5.0
Thierry Neuville,264.0,
Tommi Mäkinen,264.0,
Carlos Sainz,265.0,
Colin McRae,265.0,
Elfyn Evans,265.0,
Mikko Hirvonen,265.0,
Ott Tänak,265.0,3.0
Sébastien Loeb,265.0,4.0
Sébastien Ogier,265.0,1.0
Thierry Neuville,265.0,2.0
Tommi Mäkinen,265.0,
Carlos Sainz,266.0,
Colin McRae,266.0,
Elfyn Evans,266.0,5.0
Mikko Hirvonen,266.0,
Ott Tänak,266.0,1.0
Sébastien Loeb,266.0,7.0
Sébastien Ogier,266.0,2.0
Thierry Neuville,266.0,3.0
Tommi Mäkinen,266.0,
Carlos Sainz,267.0,
Colin McRae,267.0,
Elfyn Evans,267.0,3.0
Mikko Hirvonen,267.0,
Ott Tänak,267.0,2.0
Sébastien Loeb,267.0,
Sébastien Ogier,267.0,1.0
Thierry Neuville,267.0,4.0
Tommi Mäkinen,267.0,
Carlos Sainz,268.0,
Colin McRae,268.0,
Elfyn Evans,268.0,3.0
Mikko Hirvonen,268.0,
Ott Tänak,268.0,6.0
Sébastien Loeb,268.0,8.0
Sébastien Ogier,268.0,2.0
Thierry Neuville,268.0,1.0
Tommi Mäkinen,268.0,
Carlos Sainz,269.0,
Colin McRae,269.0,
Elfyn Evans,269.0,
Mikko Hirvonen,269.0,
Ott Tänak,269.0,8.0
Sébastien Loeb,269.0,
Sébastien Ogier,269.0,3.0
Thierry Neuville,269.0,1.0
Tommi Mäkinen,269.0,
Carlos Sainz,270.0,
Colin McRae,270.0,
Elfyn Evans,270.0,4.0
Mikko Hirvonen,270.0,
Ott Tänak,270.0,1.0
Sébastien Loeb,270.0,3.0
Sébastien Ogier,270.0,2.0
Thierry Neuville,270.0,
Tommi Mäkinen,270.0,
Carlos Sainz,271.0,
Colin McRae,271.0,
Elfyn Evans,271.0,5.0
Mikko Hirvonen,271.0,
Ott Tänak,271.0,1.0
Sébastien Loeb,271.0,
Sébastien Ogier,271.0,3.0
Thierry Neuville,271.0,2.0
Tommi Mäkinen,271.0,
Carlos Sainz,272.0,
Colin McRae,272.0,
Elfyn Evans,272.0,4.0
Mikko Hirvonen,272.0,
Ott Tänak,272.0,5.0
Sébastien Loeb,272.0,
Sébastien Ogier,272.0,4.0
Thierry Neuville,272.0,6.0
Tommi Mäkinen,272.0,
Carlos Sainz,273.0,
Colin McRae,273.0,
Elfyn Evans,273.0,
Mikko Hirvonen,273.0,
Ott Tänak,273.0,1.0
Sébastien Loeb,273.0,
Sébastien Ogier,273.0,5.0
Thierry Neuville,273.0,6.0
Tommi Mäkinen,273.0,
Carlos Sainz,274.0,
Colin McRae,274.0,
Elfyn Evans,274.0,
Mikko Hirvonen,274.0,
Ott Tänak,274.0,1.0
Sébastien Loeb,274.0,
Sébastien Ogier,274.0,7.0
Thierry Neuville,274.0,4.0
Tommi Mäkinen,274.0,
Carlos Sainz,275.0,
Colin McRae,275.0,
Elfyn Evans,275.0,
Mikko Hirvonen,275.0,
Ott Tänak,275.0,1.0
Sébastien Loeb,275.0,
Sébastien Ogier,275.0,1.0
Thierry Neuville,275.0,8.0
Tommi Mäkinen,275.0,
Carlos Sainz,276.0,
Colin McRae,276.0,
Elfyn Evans,276.0,5.0
Mikko Hirvonen,276.0,
Ott Tänak,276.0,1.0
Sébastien Loeb,276.0,
Sébastien Ogier,276.0,3.0
Thierry Neuville,276.0,2.0
Tommi Mäkinen,276.0,
Carlos Sainz,277.0,
Colin McRae,277.0,
Elfyn Evans,277.0,6.0
Mikko Hirvonen,277.0,
Ott Tänak,277.0,2.0
Sébastien Loeb,277.0,4.0
Sébastien Ogier,277.0,8.0
Thierry Neuville,277.0,1.0
Tommi Mäkinen,277.0,
Carlos Sainz,278.0,
Colin McRae,278.0,
Elfyn Evans,278.0,3.0
Mikko Hirvonen,278.0,
Ott Tänak,278.0,
Sébastien Loeb,278.0,6.0
Sébastien Ogier,278.0,2.0
Thierry Neuville,278.0,1.0
Tommi Mäkinen,278.0,
Carlos Sainz,279.0,
Colin McRae,279.0,
Elfyn Evans,279.0,1.0
Mikko Hirvonen,279.0,
Ott Tänak,279.0,2.0
Sébastien Loeb,279.0,
Sébastien Ogier,279.0,4.0
Thierry Neuville,279.0,6.0
Tommi Mäkinen,279.0,
Carlos Sainz,280.0,
Colin McRae,280.0,
Elfyn Evans,280.0,4.0
Mikko Hirvonen,280.0,
Ott Tänak,280.0,2.0
Sébastien Loeb,280.0,
Sébastien Ogier,280.0,1.0
Thierry Neuville,280.0,1.0
Tommi Mäkinen,280.0,
Carlos Sainz,281.0,
Colin McRae,281.0,
Elfyn Evans,281.0,4.0
Mikko Hirvonen,281.0,
Ott Tänak,281.0,1.0
Sébastien Loeb,281.0,
Sébastien Ogier,281.0,3.0
Thierry Neuville,281.0,
Tommi Mäkinen,281.0,
Carlos Sainz,282.0,
Colin McRae,282.0,
Elfyn Evans,282.0,1.0
Mikko Hirvonen,282.0,
Ott Tänak,282.0,1.0
Sébastien Loeb,282.0,3.0
Sébastien Ogier,282.0,
Thierry Neuville,282.0,2.0
Tommi Mäkinen,282.0,
Carlos Sainz,283.0,
Colin McRae,283.0,
Elfyn Evans,283.0,4.0
Mikko Hirvonen,283.0,
Ott Tänak,283.0,6.0
Sébastien Loeb,283.0,
Sébastien Ogier,283.0,3.0
Thierry Neuville,283.0,2.0
Tommi Mäkinen,283.0,
Carlos Sainz,284.0,
Colin McRae,284.0,
Elfyn Evans,284.0,2.0
Mikko Hirvonen,284.0,
Ott Tänak,284.0,2.0
Sébastien Loeb,284.0,
Sébastien Ogier,284.0,1.0
Thierry Neuville,284.0,
Tommi Mäkinen,284.0,
Carlos Sainz,285.0,
Colin McRae,285.0,
Elfyn Evans,285.0,2.0
Mikko Hirvonen,285.0,
Ott Tänak,285.0,
Sébastien Loeb,285.0,
Sébastien Ogier,285.0,1.0
Thierry Neuville,285.0,3.0
Tommi Mäkinen,285.0,
Carlos Sainz,286.0,
Colin McRae,286.0,
Elfyn Evans,286.0,5.0
Mikko Hirvonen,286.0,
Ott Tänak,286.0,1.0
Sébastien Loeb,286.0,
Sébastien Ogier,286.0,2.0
Thierry Neuville,286.0,3.0
Tommi Mäkinen,286.0,
Carlos Sainz,287.0,
Colin McRae,287.0,
Elfyn Evans,287.0,2.0
Mikko Hirvonen,287.0,
Ott Tänak,287.0,4.0
Sébastien Loeb,287.0,
Sébastien Ogier,287.0,1.0
Thierry Neuville,287.0,3.0
Tommi Mäkinen,287.0,
Carlos Sainz,288.0,
Colin McRae,288.0,
Elfyn Evans,288.0,1.0
Mikko Hirvonen,288.0,
Ott Tänak,288.0,2.0
Sébastien Loeb,288.0,
Sébastien Ogier,288.0,3.0
Thierry Neuville,288.0,3.0
Tommi Mäkinen,288.0,
Carlos Sainz,289.0,
Colin McRae,289.0,
Elfyn Evans,289.0,2.0
Mikko Hirvonen,289.0,
Ott Tänak,289.0,2.0
Sébastien Loeb,289.0,
Sébastien Ogier,289.0,1.0
Thierry Neuville,289.0,3.0
Tommi Mäkinen,289.0,
Carlos Sainz,290.0,
Colin McRae,290.0,
Elfyn Evans,290.0,1.0
Mikko Hirvonen,290.0,
Ott Tänak,290.0,3.0
Sébastien Loeb,290.0,
Sébastien Ogier,290.0,1.0
Thierry Neuville,290.0,
Tommi Mäkinen,290.0,
Carlos Sainz,291.0,
Colin McRae,291.0,
Elfyn Evans,291.0,5.0
Mikko Hirvonen,291.0,
Ott Tänak,291.0,3.0
Sébastien Loeb,291.0,
Sébastien Ogier,291.0,4.0
Thierry Neuville,291.0,3.0
Tommi Mäkinen,291.0,
Carlos Sainz,292.0,
Colin McRae,292.0,
Elfyn Evans,292.0,4.0
Mikko Hirvonen,292.0,
Ott Tänak,292.0,6.0
Sébastien Loeb,292.0,
Sébastien Ogier,292.0,5.0
Thierry Neuville,292.0,1.0
Tommi Mäkinen,292.0,
Carlos Sainz,293.0,
Colin McRae,293.0,
Elfyn Evans,293.0,6.0
Mikko Hirvonen,293.0,
Ott Tänak,293.0,2.0
Sébastien Loeb,293.0,
Sébastien Ogier,293.0,3.0
Thierry Neuville,293.0,8.0
Tommi Mäkinen,293.0,
Carlos Sainz,294.0,
Colin McRae,294.0,
Elfyn Evans,294.0,1.0
Mikko Hirvonen,294.0,
Ott Tänak,294.0,2.0
Sébastien Loeb,294.0,
Sébastien Ogier,294.0,5.0
Thierry Neuville,294.0,
Tommi Mäkinen,294.0,
Carlos Sainz,295.0,
Colin McRae,295.0,
Elfyn Evans,295.0,2.0
Mikko Hirvonen,295.0,
Ott Tänak,295.0,
Sébastien Loeb,295.0,
Sébastien Ogier,295.0,4.0
Thierry Neuville,295.0,1.0
Tommi Mäkinen,295.0,
Carlos Sainz,296.0,
Colin McRae,296.0,
Elfyn Evans,296.0,2.0
Mikko Hirvonen,296.0,
Ott Tänak,296.0,
Sébastien Loeb,296.0,
Sébastien Ogier,296.0,1.0
Thierry Neuville,296.0,4.0
Tommi Mäkinen,296.0,
Carlos Sainz,297.0,
Colin McRae,297.0,
Elfyn Evans,297.0,2.0
Mikko Hirvonen,297.0,
Ott Tänak,297.0,
Sébastien Loeb,297.0,1.0
Sébastien Ogier,297.0,2.0
Thierry Neuville,297.0,6.0
Tommi Mäkinen,297.0,
Carlos Sainz,298.0,
Colin McRae,298.0,
Elfyn Evans,298.0,
Mikko Hirvonen,298.0,
Ott Tänak,298.0,2.0
Sébastien Loeb,298.0,
Sébastien Ogier,298.0,
Thierry Neuville,298.0,2.0
Tommi Mäkinen,298.0,
Carlos Sainz,299.0,
Colin McRae,299.0,
Elfyn Evans,299.0,5.0
Mikko Hirvonen,299.0,
Ott Tänak,299.0,2.0
Sébastien Loeb,299.0,
Sébastien Ogier,299.0,
Thierry Neuville,299.0,3.0
Tommi Mäkinen,299.0,
Carlos Sainz,300.0,
Colin McRae,300.0,
Elfyn Evans,300.0,2.0
Mikko Hirvonen,300.0,
Ott Tänak,300.0,6.0
Sébastien Loeb,300.0,
Sébastien Ogier,300.0,5.0
Thierry Neuville,300.0,5.0
Tommi Mäkinen,300.0,
Carlos Sainz,301.0,
Colin McRae,301.0,
Elfyn Evans,301.0,4.0
Mikko Hirvonen,301.0,
Ott Tänak,301.0,1.0
Sébastien Loeb,301.0,
Sébastien Ogier,301.0,
Thierry Neuville,301.0,4.0
Tommi Mäkinen,301.0,
Carlos Sainz,302.0,
Colin McRae,302.0,
Elfyn Evans,302.0,2.0
Mikko Hirvonen,302.0,
Ott Tänak,302.0,
Sébastien Loeb,302.0,8.0
Sébastien Ogier,302.0,4.0
Thierry Neuville,302.0,5.0
Tommi Mäkinen,302.0,
Carlos Sainz,303.0,
Colin McRae,303.0,
Elfyn Evans,303.0,2.0
Mikko Hirvonen,303.0,
Ott Tänak,303.0,3.0
Sébastien Loeb,303.0,
Sébastien Ogier,303.0,
Thierry Neuville,303.0,4.0
Tommi Mäkinen,303.0,
Carlos Sainz,304.0,
Colin McRae,304.0,
Elfyn Evans,304.0,4.0
Mikko Hirvonen,304.0,
Ott Tänak,304.0,1.0
Sébastien Loeb,304.0,
Sébastien Ogier,304.0,
Thierry Neuville,304.0,5.0
Tommi Mäkinen,304.0,
Carlos Sainz,305.0,
Colin McRae,305.0,
Elfyn Evans,305.0,2.0
Mikko Hirvonen,305.0,
Ott Tänak,305.0,1.0
Sébastien Loeb,305.0,
Sébastien Ogier,305.0,
Thierry Neuville,305.0,2.0
Tommi Mäkinen,305.0,
Carlos Sainz,306.0,
Colin McRae,306.0,
Elfyn Evans,306.0,
Mikko Hirvonen,306.0,
Ott Tänak,306.0,2.0
Sébastien Loeb,306.0,
Sébastien Ogier,306.0,
Thierry Neuville,306.0,1.0
Tommi Mäkinen,306.0,
Carlos Sainz,307.0,
Colin McRae,307.0,
Elfyn Evans,307.0,
Mikko Hirvonen,307.0,
Ott Tänak,307.0,3.0
Sébastien Loeb,307.0,
Sébastien Ogier,307.0,2.0
Thierry Neuville,307.0,4.0
Tommi Mäkinen,307.0,
Carlos Sainz,308.0,
Colin McRae,308.0,
Elfyn Evans,308.0,6.0
Mikko Hirvonen,308.0,
Ott Tänak,308.0,4.0
Sébastien Loeb,308.0,
Sébastien Ogier,308.0,1.0
Thierry Neuville,308.0,2.0
Tommi Mäkinen,308.0,
Carlos Sainz,309.0,
Colin McRae,309.0,
Elfyn Evans,309.0,5.0
Mikko Hirvonen,309.0,
Ott Tänak,309.0,2.0
Sébastien Loeb,309.0,
Sébastien Ogier,309.0,4.0
Thierry Neuville,309.0,1.0
Tommi Mäkinen,309.0,
Carlos Sainz,310.0,
Colin McRae,310.0,
Elfyn Evans,310.0,4.0
Mikko Hirvonen,310.0,
Ott Tänak,310.0,5.0
Sébastien Loeb,310.0,
Sébastien Ogier,310.0,1.0
Thierry Neuville,310.0,3.0
Tommi Mäkinen,310.0,
Carlos Sainz,311.0,
Colin McRae,311.0,
Elfyn Evans,311.0,5.0
Mikko Hirvonen,311.0,
Ott Tänak,311.0,1.0
Sébastien Loeb,311.0,
Sébastien Ogier,311.0,
Thierry Neuville,311.0,3.0
Tommi Mäkinen,311.0,
